[
  {
    "id": "cat-62127",
    "to": "nex-2",
    "from": "nex-1"
  },
  {
    "id": "cat-62031",
    "to": "nex-3",
    "from": "nex-2"
  },
  {
    "id": "cat-62039",
    "to": "nex-5",
    "from": "nex-4"
  },
  {
    "id": "cat-62036",
    "to": "nex-1",
    "from": "nex-5"
  },
  {
    "id": "cat-61912",
    "to": "nex-7",
    "from": "nex-6"
  },
  {
    "id": "cat-62037",
    "to": "nex-8",
    "from": "nex-7"
  },
  {
    "id": "cat-61908",
    "to": "nex-10",
    "from": "nex-9"
  },
  {
    "id": "cat-62059",
    "to": "nex-11",
    "from": "nex-10"
  },
  {
    "id": "cat-61907",
    "to": "nex-9",
    "from": "nex-12"
  },
  {
    "id": "cat-61856",
    "to": "nex-14",
    "from": "nex-13"
  },
  {
    "id": "cat-62057",
    "to": "nex-15",
    "from": "nex-14"
  },
  {
    "id": "cat-62011",
    "to": "nex-13",
    "from": "nex-16"
  },
  {
    "id": "cat-61863",
    "to": "nex-18",
    "from": "nex-17"
  },
  {
    "id": "cat-62012",
    "to": "nex-16",
    "from": "nex-19"
  },
  {
    "id": "cat-62019",
    "to": "nex-20",
    "from": "nex-18"
  },
  {
    "id": "cat-62014",
    "to": "nex-19",
    "from": "nex-20"
  },
  {
    "id": "cat-61865",
    "to": "nex-17",
    "from": "nex-21"
  },
  {
    "id": "cat-61860",
    "to": "nex-23",
    "from": "nex-22"
  },
  {
    "id": "cat-61966",
    "to": "nex-25",
    "from": "nex-24"
  },
  {
    "id": "cat-62064",
    "to": "nex-22",
    "from": "nex-25"
  },
  {
    "id": "cat-62020",
    "to": "nex-21",
    "from": "nex-23"
  },
  {
    "id": "cat-61859",
    "to": "nex-27",
    "from": "nex-26"
  },
  {
    "id": "cat-61867",
    "to": "nex-24",
    "from": "nex-28"
  },
  {
    "id": "cat-62027",
    "to": "nex-29",
    "from": "nex-27"
  },
  {
    "id": "cat-62065",
    "to": "nex-28",
    "from": "nex-29"
  },
  {
    "id": "cat-61846",
    "to": "nex-26",
    "from": "nex-30"
  },
  {
    "id": "cat-61852",
    "to": "nex-32",
    "from": "nex-31"
  },
  {
    "id": "cat-61849",
    "to": "nex-30",
    "from": "nex-33"
  },
  {
    "id": "cat-62026",
    "to": "nex-34",
    "from": "nex-32"
  },
  {
    "id": "cat-61851",
    "to": "nex-31",
    "from": "nex-35"
  },
  {
    "id": "cat-61838",
    "to": "nex-37",
    "from": "nex-36"
  },
  {
    "id": "cat-61845",
    "to": "nex-35",
    "from": "nex-38"
  },
  {
    "id": "cat-62025",
    "to": "nex-38",
    "from": "nex-37"
  },
  {
    "id": "cat-61835",
    "to": "nex-40",
    "from": "nex-39"
  },
  {
    "id": "cat-62021",
    "to": "nex-39",
    "from": "nex-41"
  },
  {
    "id": "cat-62023",
    "to": "nex-42",
    "from": "nex-40"
  },
  {
    "id": "cat-61823",
    "to": "nex-44",
    "from": "nex-43"
  },
  {
    "id": "cat-61809",
    "to": "nex-46",
    "from": "nex-45"
  },
  {
    "id": "cat-62016",
    "to": "nex-43",
    "from": "nex-46"
  },
  {
    "id": "cat-62017",
    "to": "nex-41",
    "from": "nex-44"
  },
  {
    "id": "cat-61764",
    "to": "nex-48",
    "from": "nex-47"
  },
  {
    "id": "cat-62001",
    "to": "nex-47",
    "from": "nex-49"
  },
  {
    "id": "cat-61745",
    "to": "nex-49",
    "from": "nex-50"
  },
  {
    "id": "cat-61728",
    "to": "nex-50",
    "from": "nex-51"
  },
  {
    "id": "cat-61713",
    "to": "nex-51",
    "from": "nex-52"
  },
  {
    "id": "cat-61682",
    "to": "nex-54",
    "from": "nex-53"
  },
  {
    "id": "cat-61673",
    "to": "nex-53",
    "from": "nex-55"
  },
  {
    "id": "cat-61653",
    "to": "nex-55",
    "from": "nex-56"
  },
  {
    "id": "cat-61606",
    "to": "nex-58",
    "from": "nex-57"
  },
  {
    "id": "cat-61603",
    "to": "nex-57",
    "from": "nex-59"
  },
  {
    "id": "cat-61604",
    "to": "nex-59",
    "from": "nex-60"
  },
  {
    "id": "cat-61599",
    "to": "nex-60",
    "from": "nex-61"
  },
  {
    "id": "cat-61596",
    "to": "nex-61",
    "from": "nex-62"
  },
  {
    "id": "cat-61983",
    "to": "nex-62",
    "from": "nex-63"
  },
  {
    "id": "cat-61588",
    "to": "nex-63",
    "from": "nex-64"
  },
  {
    "id": "cat-61586",
    "to": "nex-64",
    "from": "nex-65"
  },
  {
    "id": "cat-61584",
    "to": "nex-65",
    "from": "nex-66"
  },
  {
    "id": "cat-61578",
    "to": "nex-66",
    "from": "nex-67"
  },
  {
    "id": "cat-61572",
    "to": "nex-67",
    "from": "nex-68"
  },
  {
    "id": "cat-61570",
    "to": "nex-68",
    "from": "nex-69"
  },
  {
    "id": "cat-61565",
    "to": "nex-69",
    "from": "nex-70"
  },
  {
    "id": "cat-61857",
    "to": "nex-72",
    "from": "nex-71"
  },
  {
    "id": "cat-62058",
    "to": "nex-71",
    "from": "nex-15"
  },
  {
    "id": "cat-62028",
    "to": "nex-73",
    "from": "nex-72"
  },
  {
    "id": "cat-61898",
    "to": "nex-12",
    "from": "nex-74"
  },
  {
    "id": "cat-61883",
    "to": "nex-76",
    "from": "nex-75"
  },
  {
    "id": "cat-62032",
    "to": "nex-77",
    "from": "nex-76"
  },
  {
    "id": "cat-61997",
    "to": "nex-79",
    "from": "nex-78"
  },
  {
    "id": "cat-61996",
    "to": "nex-78",
    "from": "nex-54"
  },
  {
    "id": "cat-61999",
    "to": "nex-52",
    "from": "nex-79"
  },
  {
    "id": "cat-62126",
    "to": "nex-81",
    "from": "nex-80"
  },
  {
    "id": "cat-61993",
    "to": "nex-56",
    "from": "nex-82"
  },
  {
    "id": "cat-61990",
    "to": "nex-82",
    "from": "nex-83"
  },
  {
    "id": "cat-61987",
    "to": "nex-83",
    "from": "nex-84"
  },
  {
    "id": "cat-61985",
    "to": "nex-84",
    "from": "nex-81"
  },
  {
    "id": "cat-61984",
    "to": "nex-80",
    "from": "nex-58"
  },
  {
    "id": "cat-63717",
    "to": "nex-86",
    "from": "nex-85"
  },
  {
    "id": "cat-61770",
    "to": "nex-87",
    "from": "nex-48"
  },
  {
    "id": "cat-61781",
    "to": "nex-89",
    "from": "nex-88"
  },
  {
    "id": "cat-61783",
    "to": "nex-90",
    "from": "nex-86"
  },
  {
    "id": "cat-61791",
    "to": "nex-92",
    "from": "nex-91"
  },
  {
    "id": "cat-61801",
    "to": "nex-94",
    "from": "nex-93"
  },
  {
    "id": "cat-61817",
    "to": "nex-45",
    "from": "nex-95"
  },
  {
    "id": "cat-62005",
    "to": "nex-88",
    "from": "nex-87"
  },
  {
    "id": "cat-62006",
    "to": "nex-85",
    "from": "nex-89"
  },
  {
    "id": "cat-62007",
    "to": "nex-91",
    "from": "nex-94"
  },
  {
    "id": "cat-62009",
    "to": "nex-95",
    "from": "nex-92"
  },
  {
    "id": "cat-62068",
    "to": "nex-96",
    "from": "nex-90"
  },
  {
    "id": "cat-62022",
    "to": "nex-36",
    "from": "nex-42"
  },
  {
    "id": "cat-62024",
    "to": "nex-33",
    "from": "nex-34"
  },
  {
    "id": "cat-62034",
    "to": "nex-6",
    "from": "nex-11"
  },
  {
    "id": "cat-62008",
    "to": "nex-93",
    "from": "nex-96"
  },
  {
    "id": "cat-62030",
    "to": "nex-75",
    "from": "nex-73"
  },
  {
    "id": "cat-62033",
    "to": "nex-74",
    "from": "nex-77"
  },
  {
    "id": "cat-62038",
    "to": "nex-4",
    "from": "nex-8"
  },
  {
    "id": "cat-61875",
    "to": "nex-42",
    "from": "nex-97"
  },
  {
    "id": "cat-61850",
    "to": "nex-34",
    "from": "nex-98"
  },
  {
    "id": "cat-61906",
    "to": "nex-11",
    "from": "nex-99"
  },
  {
    "id": "cat-61802",
    "to": "nex-96",
    "from": "nex-100"
  },
  {
    "id": "cat-61968",
    "to": "nex-73",
    "from": "nex-101"
  },
  {
    "id": "cat-61890",
    "to": "nex-77",
    "from": "nex-102"
  },
  {
    "id": "cat-61919",
    "to": "nex-8",
    "from": "nex-103"
  },
  {
    "id": "cat-61969",
    "to": "nex-97",
    "from": "nex-104"
  },
  {
    "id": "cat-61885",
    "to": "nex-104",
    "from": "nex-105"
  },
  {
    "id": "cat-61971",
    "to": "nex-105",
    "from": "nex-106"
  },
  {
    "id": "cat-61972",
    "to": "nex-106",
    "from": "nex-107"
  },
  {
    "id": "cat-61901",
    "to": "nex-107",
    "from": "nex-108"
  },
  {
    "id": "cat-61975",
    "to": "nex-108",
    "from": "nex-109"
  },
  {
    "id": "cat-61896",
    "to": "nex-109",
    "from": "nex-110"
  },
  {
    "id": "cat-62100",
    "to": "nex-112",
    "from": "nex-111"
  },
  {
    "id": "cat-61892",
    "to": "nex-110",
    "from": "nex-112"
  },
  {
    "id": "cat-61792",
    "to": "nex-98",
    "from": "nex-113"
  },
  {
    "id": "cat-62050",
    "to": "nex-99",
    "from": "nex-114"
  },
  {
    "id": "cat-62051",
    "to": "nex-101",
    "from": "nex-115"
  }
]
