{
  "cat-62127": {
    "COMID": ["10297950"]
  },
  "cat-62031": {
    "COMID": ["10295266"]
  },
  "cat-62039": {
    "COMID": ["10295286"],
    "site_no": "01170000"
  },
  "cat-62036": {
    "COMID": ["10295278"]
  },
  "cat-61912": {
    "COMID": ["10294958"]
  },
  "cat-62037": {
    "COMID": ["10295282"]
  },
  "cat-61908": {
    "COMID": ["10294950"]
  },
  "cat-62059": {
    "COMID": ["10295334"]
  },
  "cat-61907": {
    "COMID": ["10294948"]
  },
  "cat-61856": {
    "COMID": ["10294846"]
  },
  "cat-62057": {
    "COMID": ["10295324"]
  },
  "cat-62011": {
    "COMID": ["10295224"]
  },
  "cat-61863": {
    "COMID": ["10294860"]
  },
  "cat-62012": {
    "COMID": ["10295226"]
  },
  "cat-62019": {
    "COMID": ["10295240"]
  },
  "cat-62014": {
    "COMID": ["10295230"]
  },
  "cat-61865": {
    "COMID": ["10294864"]
  },
  "cat-61860": {
    "COMID": ["10294854"]
  },
  "cat-61966": {
    "COMID": ["10295126"]
  },
  "cat-62064": {
    "COMID": ["10295344"]
  },
  "cat-62020": {
    "COMID": ["10295242"]
  },
  "cat-61859": {
    "COMID": ["10294852"],
    "site_no": "01168500"
  },
  "cat-61867": {
    "COMID": ["10294868"]
  },
  "cat-62027": {
    "COMID": ["10295258"]
  },
  "cat-62065": {
    "COMID": ["10295346"]
  },
  "cat-61846": {
    "COMID": ["10294826"]
  },
  "cat-61852": {
    "COMID": ["10294838"]
  },
  "cat-61849": {
    "COMID": ["10294832"]
  },
  "cat-62026": {
    "COMID": ["10295256"]
  },
  "cat-61851": {
    "COMID": ["10294836"]
  },
  "cat-61838": {
    "COMID": ["10294810"]
  },
  "cat-61845": {
    "COMID": ["10294824"]
  },
  "cat-62025": {
    "COMID": ["10295254"]
  },
  "cat-61835": {
    "COMID": ["10294804"]
  },
  "cat-62021": {
    "COMID": ["10295244"]
  },
  "cat-62023": {
    "COMID": ["10295248"]
  },
  "cat-61823": {
    "COMID": ["10294780"]
  },
  "cat-61809": {
    "COMID": ["10294752"]
  },
  "cat-62016": {
    "COMID": ["10295234"]
  },
  "cat-62017": {
    "COMID": ["10295236"]
  },
  "cat-61764": {
    "COMID": ["10294662"]
  },
  "cat-62001": {
    "COMID": ["10295204"]
  },
  "cat-61745": {
    "COMID": ["10294624"]
  },
  "cat-61728": {
    "COMID": ["10294590"]
  },
  "cat-61713": {
    "COMID": ["10294560"]
  },
  "cat-61682": {
    "COMID": ["10294498"]
  },
  "cat-61673": {
    "COMID": ["10294480"]
  },
  "cat-61653": {
    "COMID": ["10294440"]
  },
  "cat-61606": {
    "COMID": ["10294346"]
  },
  "cat-61603": {
    "COMID": ["10294340"]
  },
  "cat-61604": {
    "COMID": ["10294342"]
  },
  "cat-61599": {
    "COMID": ["10294332"]
  },
  "cat-61596": {
    "COMID": ["10294326"]
  },
  "cat-61983": {
    "COMID": ["10295168"]
  },
  "cat-61588": {
    "COMID": ["10294310"]
  },
  "cat-61586": {
    "COMID": ["10294306"]
  },
  "cat-61584": {
    "COMID": ["10294302"]
  },
  "cat-61578": {
    "COMID": ["10294290"]
  },
  "cat-61572": {
    "COMID": ["10294278"]
  },
  "cat-61570": {
    "COMID": ["10294274"]
  },
  "cat-61565": {
    "COMID": ["10293580"]
  },
  "cat-61857": {
    "COMID": ["10294848"]
  },
  "cat-62058": {
    "COMID": ["10295326"]
  },
  "cat-62028": {
    "COMID": ["10295260"]
  },
  "cat-61898": {
    "COMID": ["10294930"]
  },
  "cat-61883": {
    "COMID": ["10294900"]
  },
  "cat-62032": {
    "COMID": ["10295270"]
  },
  "cat-61997": {
    "COMID": ["10295196"]
  },
  "cat-61996": {
    "COMID": ["10295194"]
  },
  "cat-61999": {
    "COMID": ["10295200"]
  },
  "cat-62126": {
    "COMID": ["10297948"]
  },
  "cat-61993": {
    "COMID": ["10295188"]
  },
  "cat-61990": {
    "COMID": ["10295182"]
  },
  "cat-61987": {
    "COMID": ["10295176"]
  },
  "cat-61985": {
    "COMID": ["10295172"]
  },
  "cat-61984": {
    "COMID": ["10295170"]
  },
  "cat-63717": {
    "COMID": ["166196107"]
  },
  "cat-61770": {
    "COMID": ["10294674"],
    "site_no": "01168151"
  },
  "cat-61781": {
    "COMID": ["10294696"]
  },
  "cat-61783": {
    "COMID": ["10294700"]
  },
  "cat-61791": {
    "COMID": ["10294716"]
  },
  "cat-61801": {
    "COMID": ["10294736"]
  },
  "cat-61817": {
    "COMID": ["10294768"]
  },
  "cat-62005": {
    "COMID": ["10295212"]
  },
  "cat-62006": {
    "COMID": ["10295214"]
  },
  "cat-62007": {
    "COMID": ["10295216"]
  },
  "cat-62009": {
    "COMID": ["10295220"]
  },
  "cat-62068": {
    "COMID": ["10295354"]
  },
  "cat-62022": {
    "COMID": ["10295250", "10295246"]
  },
  "cat-62024": {
    "COMID": ["10295328", "10295252"]
  },
  "cat-62034": {
    "COMID": ["10295332", "10295274"]
  },
  "cat-62008": {
    "COMID": ["10295352", "10295218"]
  },
  "cat-62030": {
    "COMID": ["10295330", "10295264"]
  },
  "cat-62033": {
    "COMID": ["10295268", "10295272"]
  },
  "cat-62038": {
    "COMID": ["10295280", "10295284"]
  },
  "cat-61875": {
    "COMID": ["10294884", "10295250", "10295246"]
  },
  "cat-61850": {
    "COMID": ["10294834", "10295328", "10295252"]
  },
  "cat-61906": {
    "COMID": ["10294946", "10295332", "10295274"]
  },
  "cat-61802": {
    "COMID": ["10294738", "10295352", "10295218"]
  },
  "cat-61968": {
    "COMID": ["10295130", "10295330", "10295264"]
  },
  "cat-61890": {
    "COMID": ["10294914", "10295268", "10295272"]
  },
  "cat-61919": {
    "COMID": ["10294972", "10295280", "10295284"]
  },
  "cat-61969": {
    "COMID": ["10295132"]
  },
  "cat-61885": {
    "COMID": ["10294904"]
  },
  "cat-61971": {
    "COMID": ["10295136"]
  },
  "cat-61972": {
    "COMID": ["10295138"]
  },
  "cat-61901": {
    "COMID": ["10294936"]
  },
  "cat-61975": {
    "COMID": ["10295144"]
  },
  "cat-61896": {
    "COMID": ["10294926"]
  },
  "cat-62100": {
    "COMID": ["10295704"]
  },
  "cat-61892": {
    "COMID": ["10294918"]
  },
  "cat-61792": {
    "COMID": ["10294718"]
  },
  "cat-62050": {
    "COMID": ["10295310"]
  },
  "cat-62051": {
    "COMID": ["10295312"]
  }
}
